iteration,loss,augmented_lagrangian_loss
0,1969.798095703125,1975.875732421875
